,3PAr,Age,DRB%,DRtg,Defense Four Factors,FT/FGA,FTr,L,MOV,ORB%,ORtg,Offense Four Factors,PL,PW,Pace,Rk,SOS,SRS,TOV%,TS%,Team,W,eFG%
23,24.6,7.49,"17,461",.573,59,.205,13.6,7.12,+8.1,77.4,.350,Orlando Magic *,103.3,111.4,.536,61,92.0,.340,"715,901",.246,21,-0.37,Amway Arena
21,25.1,6.52,"20,562",.570,61,.218,13.4,6.17,+7.1,77.2,.248,Cleveland Cavaliers *,104.1,111.2,.532,59,91.4,.341,"843,042",.246,23,-0.36,Quicken Loans Arena
29,26.8,5.34,"19,378",.565,53,.269,14.2,5.33,+5.7,75.6,.184,Utah Jazz *,105.0,110.7,.524,55,93.8,.340,"794,512",.252,27,-0.01,EnergySolutions Arena
32,26.8,5.09,"18,090",.552,50,.214,12.9,5.07,+5.5,76.3,.232,San Antonio Spurs *,104.5,110.0,.515,55,91.7,.296,"741,676",.219,27,-0.02,AT&T Center
29,28.2,4.66,"16,546",.545,53,.208,11.4,4.44,+5.2,72.7,.214,Atlanta Hawks *,106.7,111.9,.506,54,90.1,.281,"678,375",.213,28,-0.22,Philips Arena
28,27.6,4.90,"17,648",.585,54,.224,13.6,4.67,+5.1,70.8,.261,Phoenix Suns *,110.2,115.3,.546,54,95.3,.312,"723,582",.240,28,-0.23,US Airways Center
25,27.6,4.72,"18,997",.538,57,.195,12.4,4.78,+5.1,74.4,.227,Los Angeles Lakers *,103.7,108.8,.496,54,92.8,.289,"778,877",.221,28,0.06,STAPLES Center
29,26.1,4.09,"17,983",.561,53,.251,12.7,4.15,+4.3,72.4,.227,Denver Nuggets *,107.5,111.8,.509,52,94.8,.376,"737,301",.290,30,0.06,Pepsi Center
32,22.8,3.66,"18,624",.564,50,.251,14.5,3.37,+3.9,73.8,.228,Boston Celtics *,103.8,107.7,.522,52,91.6,.332,"763,584",.248,30,-0.29,TD Garden
32,28.2,3.30,"20,497",.547,50,.219,12.1,3.18,+3.7,74.8,.215,Portland Trail Blazers *,107.1,110.8,.499,51,87.7,.315,"840,371",.249,31,-0.13,Rose Garden Arena
32,28.6,3.49,"18,004",.547,50,.229,13.9,3.55,+3.7,73.6,.185,Oklahoma City Thunder *,104.6,108.3,.494,51,93.1,.333,"738,149",.268,31,0.06,Oklahoma City Arena
27,24.3,2.72,"19,994",.552,55,.206,12.3,2.66,+2.9,73.7,.222,Dallas Mavericks *,106.3,109.2,.506,49,92.5,.277,"819,770",.226,33,-0.06,American Airlines Center
35,26.1,2.28,"17,730",.537,47,.246,12.8,1.99,+2.5,74.9,.219,Miami Heat *,104.1,106.6,.496,48,89.6,.296,"726,935",.223,34,-0.29,AmericanAirlines Arena
36,26.2,1.70,"15,109",.518,46,.266,12.3,1.37,+1.8,76.4,.259,Milwaukee Bucks *,103.1,104.9,.482,46,91.7,.239,"619,453",.181,36,-0.32,Bradley Center
38,26.5,1.46,"15,818",.538,44,.194,15.1,1.30,+1.6,74.2,.211,Charlotte Bobcats *,102.8,104.4,.490,45,90.4,.346,"648,520",.260,37,-0.17,Time Warner Cable Arena
40,26.9,-0.37,"16,528",.537,42,.215,13.2,-0.02,-0.4,73.8,.265,Houston Rockets,108.0,107.6,.494,40,94.0,.292,"677,658",.225,42,0.35,Toyota Center
42,31.3,-1.51,"13,486",.536,40,.205,13.7,-1.39,-1.6,73.3,.148,Memphis Grizzlies,109.9,108.3,.494,37,93.6,.320,"552,914",.235,45,0.13,FedEx Forum
41,26.6,-1.63,"20,726",.520,41,.212,13.3,-1.64,-1.8,74.8,.156,Chicago Bulls *,105.3,103.5,.477,36,93.1,.287,"849,760",.217,46,0.00,United Center
42,24.7,-1.78,"17,897",.564,40,.247,12.7,-1.83,-1.9,72.9,.211,Toronto Raptors,113.2,111.3,.521,36,93.1,.319,"733,784",.244,46,-0.05,Air Canada Centre
45,24.8,-2.46,"15,058",.543,37,.205,12.7,-2.27,-2.7,73.8,.230,New Orleans Hornets,110.1,107.4,.506,34,92.6,.243,"617,366",.189,48,0.19,New Orleans Arena
50,21.6,-3.01,"14,202",.536,32,.258,13.8,-3.11,-3.1,73.0,.278,Indiana Pacers,106.8,103.7,.491,33,97.1,.296,"582,295",.229,49,-0.10,Conseco Fieldhouse
56,20.9,-3.60,"18,027",.557,26,.260,13.1,-3.28,-3.6,68.5,.238,Golden State Warriors,111.7,108.1,.514,32,100.4,.294,"739,120",.230,50,0.32,Oracle Arena
53,23.5,-3.82,"19,501",.547,29,.207,13.0,-4.01,-4.0,72.1,.312,New York Knicks,111.6,107.6,.509,31,94.0,.256,"799,550",.200,51,-0.19,Madison Square Garden (IV)
55,27.6,-3.90,"14,225",.534,27,.231,13.7,-3.93,-4.2,73.2,.206,Philadelphia 76ers,110.3,106.1,.496,30,91.6,.270,"583,219",.204,52,-0.03,Wachovia Center
57,27.8,-4.37,"13,254",.528,25,.244,13.6,-4.06,-4.6,73.5,.201,Sacramento Kings,109.9,105.3,.491,29,94.0,.286,"543,416",.207,53,0.30,Power Balance Pavilion
56,27.6,-4.78,"16,205",.524,26,.239,13.9,-4.72,-5.2,72.4,.183,Washington Wizards,109.4,104.2,.481,28,91.6,.283,"664,398",.216,54,0.06,Verizon Center
55,30.3,-5.11,"18,752",.515,27,.264,12.8,-5.02,-5.8,73.4,.180,Detroit Pistons,111.4,105.6,.474,26,88.5,.303,"768,826",.220,56,0.09,The Palace of Auburn Hills
53,27.1,-6.35,"16,343",.529,29,.214,14.8,-6.01,-6.8,74.0,.221,Los Angeles Clippers,110.1,103.3,.491,24,92.6,.283,"670,063",.206,58,0.34,STAPLES Center
67,26.7,-9.60,"15,102",.518,15,.220,14.6,-9.06,-9.9,73.6,.171,Minnesota Timberwolves,111.6,101.7,.478,17,96.1,.278,"619,170",.207,65,0.54,Target Center
70,25.1,-9.12,"13,103",.509,12,.229,13.7,-8.93,-9.9,71.8,.181,New Jersey Nets,110.5,100.6,.458,17,91.4,.307,"537,230",.240,65,0.19,Izod Center
24,25.2,7.46,"19,779",.573,58,.223,13.5,6.76,+8.2,75.5,.235,Miami Heat *,103.5,111.7,.524,61,90.9,.363,"810,930",.279,21,-0.71,AmericanAirlines Arena
20,29.4,7.32,"21,792",.541,62,.222,13.5,6.53,+8.0,76.2,.215,Chicago Bulls *,100.3,108.3,.501,61,90.4,.305,"893,462",.227,21,-0.79,United Center
25,29.2,6.11,"18,997",.545,57,.181,12.3,6.01,+6.7,72.3,.220,Los Angeles Lakers *,104.3,111.0,.502,58,90.7,.293,"778,877",.228,24,-0.10,STAPLES Center
21,24.9,5.71,"18,314",.567,61,.190,12.8,5.86,+6.2,74.6,.261,San Antonio Spurs *,105.6,111.8,.527,56,92.3,.299,"750,879",.229,26,0.16,AT&T Center
26,21.1,5.37,"18,624",.561,56,.235,14.5,4.83,+5.9,74.7,.180,Boston Celtics *,100.3,106.2,.519,57,90.4,.305,"763,584",.235,25,-0.54,TD Garden
30,26.1,5.46,"18,972",.554,52,.219,14.3,4.92,+5.9,76.9,.328,Orlando Magic *,102.0,107.9,.521,56,91.2,.328,"777,852",.227,26,-0.54,Amway Center
32,23.9,4.76,"16,989",.574,50,.224,13.1,4.81,+5.0,75.4,.258,Denver Nuggets *,107.3,112.3,.526,54,95.6,.367,"696,568",.281,28,0.05,Pepsi Center
25,24.1,4.23,"20,102",.565,57,.206,13.6,4.41,+4.7,74.8,.274,Dallas Mavericks *,105.0,109.7,.525,53,91.3,.286,"824,162",.222,29,0.18,American Airlines Center
27,27.4,3.79,"18,148",.561,55,.228,13.1,3.81,+4.0,73.6,.212,Oklahoma City Thunder *,107.2,111.2,.501,51,92.7,.363,"744,068",.299,31,0.02,Chesapeake Energy Arena
36,28.9,2.34,"14,651",.534,46,.228,13.0,2.55,+2.5,72.5,.136,Memphis Grizzlies *,105.1,107.6,.493,48,91.9,.291,"600,687",.218,34,0.20,FedEx Forum
39,27.4,2.18,"16,191",.550,43,.219,12.3,2.37,+2.3,72.7,.264,Houston Rockets,109.0,111.3,.503,47,94.2,.299,"663,839",.239,35,0.19,Toyota Center
34,29.5,1.52,"20,510",.533,48,.231,12.6,1.85,+1.7,72.0,.228,Portland Trail Blazers *,107.1,108.8,.486,46,87.9,.278,"840,924",.224,36,0.32,Rose Garden Arena
41,24.6,1.50,"14,752",.535,41,.231,12.3,1.01,+1.6,74.5,.184,Philadelphia 76ers *,105.0,106.6,.494,45,91.7,.273,"604,823",.210,37,-0.50,Wells Fargo Center
36,25.1,0.89,"14,709",.537,46,.220,12.8,1.28,+1.0,76.2,.192,New Orleans Hornets *,105.2,106.2,.493,44,88.7,.296,"603,088",.226,38,0.39,New Orleans Arena
40,24.2,0.78,"19,729",.561,42,.240,12.6,0.48,+0.8,71.9,.303,New York Knicks *,110.1,110.9,.513,43,95.6,.304,"808,879",.246,39,-0.30,Madison Square Garden (IV)
47,24.7,-0.84,"15,412",.511,35,.236,13.0,-1.02,-0.9,74.8,.216,Milwaukee Bucks,102.5,101.6,.467,38,89.8,.287,"631,912",.217,44,-0.17,Bradley Center
42,23.7,-0.89,"17,567",.559,40,.211,13.2,-0.46,-0.9,71.6,.271,Phoenix Suns,110.4,109.5,.522,39,94.4,.283,"720,249",.215,43,0.43,US Airways Center
38,23.4,-0.82,"15,649",.542,44,.211,13.5,-1.10,-0.9,74.6,.222,Atlanta Hawks *,107.0,106.1,.501,39,89.3,.269,"641,596",.209,43,-0.28,Philips Arena
45,25.9,-1.07,"13,538",.533,37,.237,14.1,-1.38,-1.2,74.1,.244,Indiana Pacers *,106.0,104.8,.486,38,94.7,.300,"555,077",.235,44,-0.30,Conseco Fieldhouse
43,27.0,-1.83,"19,512",.544,39,.275,13.5,-1.44,-2.0,71.7,.191,Utah Jazz,110.1,108.1,.498,36,91.0,.313,"799,982",.241,46,0.39,EnergySolutions Arena
46,26.7,-2.33,"18,693",.544,36,.259,13.3,-2.00,-2.5,69.3,.248,Golden State Warriors,110.7,108.2,.510,35,94.8,.241,"766,398",.183,47,0.33,Oracle Arena
50,28.4,-3.13,"17,743",.535,32,.250,15.1,-2.71,-3.4,73.2,.230,Los Angeles Clippers,108.7,105.3,.496,32,92.8,.332,"727,462",.234,50,0.42,STAPLES Center
52,27.4,-3.60,"16,660",.533,30,.235,12.5,-3.78,-4.0,72.1,.189,Detroit Pistons,111.7,107.7,.495,31,89.2,.279,"683,080",.206,51,-0.18,The Palace of Auburn Hills
48,25.7,-4.00,"15,846",.528,34,.229,14.1,-4.08,-4.4,75.2,.189,Charlotte Bobcats,107.8,103.4,.482,29,89.6,.314,"649,694",.237,53,-0.08,Time Warner Cable Arena
58,29.9,-5.34,"13,890",.519,24,.233,14.4,-4.80,-5.5,74.4,.183,Sacramento Kings,109.0,103.5,.480,27,95.2,.284,"569,496",.208,55,0.54,Power Balance Pavilion
58,26.1,-6.24,"13,949",.517,24,.241,13.4,-6.28,-6.8,74.2,.201,New Jersey Nets,109.9,103.1,.474,24,89.9,.283,"581,378",.215,58,-0.04,Prudential Center
60,28.2,-6.28,"16,592",.533,22,.251,13.7,-6.28,-6.8,72.0,.162,Toronto Raptors,112.9,106.1,.491,24,92.9,.293,"680,255",.221,58,0.01,Air Canada Centre
65,29.6,-6.63,"15,243",.526,17,.251,15.1,-5.97,-6.9,73.7,.223,Minnesota Timberwolves,111.1,104.2,.483,24,96.5,.282,"624,960",.217,58,0.67,Target Center
59,28.0,-7.40,"16,792",.513,23,.249,13.9,-7.30,-7.8,70.5,.172,Washington Wizards,110.2,102.4,.471,22,93.8,.290,"688,466",.216,60,0.11,Verizon Center
63,24.2,-9.01,"20,112",.518,19,.211,13.4,-8.88,-9.6,73.3,.224,Cleveland Cavaliers,111.8,102.2,.472,18,93.0,.312,"824,595",.233,64,0.14,Quicken Loans Arena
16,32.6,8.18,"22,161",.523,50,.175,13.2,7.43,+9.1,74.3,.205,Chicago Bulls *,98.3,107.4,.490,51,89.1,.255,"731,326",.184,15,-0.76,United Center
16,25.1,7.17,"18,397",.562,50,.168,12.8,7.28,+7.7,76.0,.257,San Antonio Spurs *,103.2,110.9,.528,48,92.9,.261,"607,095",.195,18,0.11,AT&T Center
19,27.8,6.12,"18,203",.567,47,.207,15.3,6.44,+6.6,72.1,.252,Oklahoma City Thunder *,103.2,109.8,.516,46,93.0,.334,"600,699",.269,20,0.32,Chesapeake Energy Arena
20,26.6,5.98,"19,935",.549,46,.200,14.5,5.72,+6.4,73.9,.198,Miami Heat *,100.2,106.6,.505,47,91.2,.307,"657,855",.238,19,-0.27,AmericanAirlines Arena
31,24.4,4.24,"17,503",.511,35,.192,10.9,3.59,+4.7,75.2,.175,Philadelphia 76ers *,99.2,103.9,.480,43,89.7,.217,"577,597",.161,23,-0.65,Wells Fargo Center
26,23.9,3.44,"15,200",.535,40,.186,13.4,2.67,+3.7,74.4,.249,Atlanta Hawks *,101.2,104.9,.500,41,90.2,.259,"501,593",.192,25,-0.77,Philips Arena
24,29.2,3.30,"14,169",.526,42,.222,13.1,2.60,+3.6,72.3,.198,Indiana Pacers *,103.1,106.7,.474,41,90.7,.321,"467,561",.251,25,-0.71,Bankers Life Fieldhouse
30,26.6,3.20,"19,763",.533,36,.224,14.9,2.39,+3.4,73.7,.288,New York Knicks *,101.0,104.4,.492,41,93.2,.306,"652,179",.227,25,-0.81,Madison Square Garden (IV)
28,27.7,2.88,"17,029",.556,38,.185,14.1,3.16,+3.0,74.3,.243,Denver Nuggets *,106.2,109.2,.516,39,94.2,.326,"561,966",.239,27,0.29,Pepsi Center
27,19.7,2.52,"18,624",.535,39,.216,14.7,2.26,+2.8,72.4,.194,Boston Celtics *,98.2,101.0,.496,39,90.4,.257,"614,592",.200,27,-0.26,TD Garden
26,29.5,2.56,"19,219",.533,40,.245,12.7,2.82,+2.8,73.2,.269,Los Angeles Clippers *,105.7,108.5,.502,39,89.2,.287,"634,237",.195,27,0.26,STAPLES Center
25,29.8,2.02,"15,710",.515,41,.227,13.6,2.43,+2.2,72.7,.157,Memphis Grizzlies *,101.8,104.0,.473,38,90.8,.277,"518,446",.211,28,0.42,FedEx Forum
25,29.1,1.42,"18,997",.534,41,.158,14.2,1.96,+1.6,74.8,.209,Los Angeles Lakers *,104.4,106.0,.491,36,90.5,.299,"626,901",.226,30,0.54,STAPLES Center
30,23.4,0.95,"20,335",.527,36,.203,13.4,1.78,+1.0,74.8,.271,Dallas Mavericks *,102.3,103.3,.489,35,91.4,.246,"671,050",.190,31,0.83,American Airlines Center
29,26.5,0.79,"18,897",.533,37,.190,14.5,0.46,+0.9,75.5,.346,Orlando Magic *,104.1,105.0,.506,35,89.0,.292,"623,587",.193,31,-0.33,Amway Center
30,30.2,0.62,"19,307",.525,36,.245,13.0,0.92,+0.7,73.8,.153,Utah Jazz *,106.1,106.8,.481,34,91.4,.302,"637,124",.227,32,0.30,EnergySolutions Arena
35,27.7,0.27,"14,719",.521,31,.217,12.9,-0.23,+0.3,70.9,.224,Milwaukee Bucks,105.2,105.5,.481,34,93.7,.250,"485,717",.194,32,-0.50,Bradley Center
32,27.5,0.23,"15,363",.529,34,.210,13.5,0.57,+0.3,73.4,.240,Houston Rockets,105.2,105.5,.492,34,91.7,.235,"506,994",.184,32,0.35,Toyota Center
33,25.8,-0.24,"15,598",.536,33,.200,13.3,0.29,-0.3,71.7,.238,Phoenix Suns,106.5,106.2,.499,32,92.6,.257,"514,718",.194,34,0.53,US Airways Center
38,26.3,-0.62,"20,496",.531,28,.199,13.4,-0.22,-0.7,72.8,.255,Portland Trail Blazers,106.4,105.7,.488,32,91.2,.263,"676,384",.209,34,0.41,Rose Garden Arena
40,27.5,-2.20,"17,491",.524,26,.187,14.0,-1.83,-2.3,73.0,.262,Minnesota Timberwolves,106.6,104.3,.477,28,93.3,.306,"577,197",.236,38,0.37,Target Center
43,22.9,-3.41,"18,858",.539,23,.237,13.3,-2.79,-3.7,69.1,.248,Golden State Warriors,109.1,105.4,.505,25,92.3,.227,"622,311",.175,41,0.62,Oracle Arena
43,25.9,-3.30,"16,836",.518,23,.260,14.8,-3.67,-3.7,75.4,.209,Toronto Raptors,104.5,100.8,.475,25,89.3,.274,"555,584",.211,41,-0.36,Air Canada Centre
45,27.5,-3.76,"15,110",.517,21,.218,15.2,-3.11,-4.2,73.1,.152,New Orleans Hornets,105.1,100.9,.476,24,88.3,.274,"498,618",.207,42,0.65,New Orleans Arena
46,27.3,-4.80,"16,728",.508,20,.229,14.2,-5.14,-5.2,70.9,.196,Washington Wizards,106.2,101.0,.472,22,92.5,.253,"552,038",.184,44,-0.34,Verizon Center
41,28.1,-4.79,"14,413",.510,25,.226,15.0,-5.19,-5.3,72.8,.175,Detroit Pistons,106.3,101.0,.468,22,89.2,.279,"475,638",.210,44,-0.40,The Palace of Auburn Hills
44,29.1,-5.68,"14,508",.510,22,.199,13.0,-4.95,-6.0,70.5,.228,Sacramento Kings,109.8,103.8,.472,21,94.7,.268,"478,764",.197,45,0.73,Power Balance Pavilion
44,27.8,-5.98,"13,961",.516,22,.209,14.3,-6.37,-6.7,70.7,.278,New Jersey Nets,109.6,102.9,.473,19,90.1,.269,"460,719",.209,47,-0.39,Prudential Center
45,28.9,-7.20,"15,927",.505,21,.202,14.3,-7.34,-7.8,72.2,.238,Cleveland Cavaliers,108.9,101.1,.463,17,91.3,.307,"525,577",.220,49,-0.14,Quicken Loans Arena
59,23.6,-13.91,"14,757",.483,7,.206,13.9,-13.96,-15.2,70.9,.169,Charlotte Bobcats,110.4,95.2,.439,7,91.1,.276,"486,984",.206,59,-0.05,Time Warner Cable Arena
22,26.7,9.21,"18,203",.580,60,.197,14.4,9.15,+9.8,73.4,.244,Oklahoma City Thunder *,102.6,112.4,.527,64,93.3,.338,"746,323",.280,18,-0.06,Chesapeake Energy Arena
16,22.2,7.87,"19,983",.588,66,.200,13.7,7.03,+8.6,73.0,.285,Miami Heat *,103.7,112.3,.552,62,90.7,.297,"819,290",.224,20,-0.84,AmericanAirlines Arena
26,28.8,6.45,"19,227",.557,56,.229,13.9,6.43,+7.0,73.5,.265,Los Angeles Clippers *,103.6,110.6,.526,59,91.1,.286,"788,293",.203,23,-0.02,STAPLES Center
24,20.5,6.40,"18,432",.568,58,.179,14.0,6.67,+6.7,74.9,.264,San Antonio Spurs *,101.6,108.3,.531,58,94.2,.258,"755,700",.204,24,0.27,AT&T Center
25,31.4,5.09,"17,820",.549,57,.193,13.6,5.37,+5.3,71.8,.217,Denver Nuggets *,105.1,110.4,.515,55,95.1,.308,"730,616",.216,27,0.28,Pepsi Center
28,25.6,4.23,"19,033",.550,54,.216,11.7,3.73,+4.8,74.7,.354,New York Knicks *,106.3,111.1,.515,53,89.8,.258,"780,353",.196,29,-0.50,Madison Square Garden (IV)
26,31.0,4.15,"16,625",.514,56,.209,13.3,4.32,+4.6,74.3,.166,Memphis Grizzlies *,100.3,104.9,.472,54,88.4,.261,"681,613",.202,28,0.18,FedEx Forum
32,30.3,4.02,"15,270",.521,49,.197,14.3,3.34,+4.5,74.6,.245,Indiana Pacers *,99.8,104.3,.479,52,90.2,.293,"626,069",.219,29,-0.69,Bankers Life Fieldhouse
37,26.4,3.48,"16,672",.564,45,.196,14.9,3.69,+3.6,75.2,.349,Houston Rockets *,106.1,109.7,.525,50,96.1,.308,"683,564",.232,32,0.22,Toyota Center
33,30.9,1.78,"17,188",.536,49,.174,14.0,1.25,+2.0,73.7,.269,Brooklyn Nets *,106.2,108.2,.498,46,88.8,.299,"704,702",.219,36,-0.53,Barclays Center
37,27.0,1.16,"18,997",.548,45,.163,13.9,1.48,+1.2,74.3,.303,Los Angeles Lakers *,106.6,107.8,.512,44,94.4,.345,"778,877",.239,38,0.32,STAPLES Center
35,25.4,0.89,"19,374",.545,47,.211,14.0,1.32,+0.9,75.5,.239,Golden State Warriors *,105.5,106.4,.506,44,94.5,.255,"794,320",.201,38,0.42,Oracle Arena
38,22.2,0.40,"15,126",.546,44,.181,14.2,-0.08,+0.4,73.6,.286,Atlanta Hawks *,104.4,104.8,.517,42,92.6,.244,"620,146",.174,40,-0.48,Philips Arena
37,29.4,0.32,"21,877",.512,45,.206,13.6,-0.02,+0.3,73.6,.189,Chicago Bulls *,103.2,103.5,.470,42,89.3,.259,"896,944",.201,40,-0.33,United Center
39,28.8,-0.09,"18,632",.533,43,.226,13.8,0.30,-0.1,73.2,.206,Utah Jazz,106.8,106.7,.492,41,90.9,.281,"763,915",.214,41,0.38,EnergySolutions Arena
40,20.1,-0.22,"18,624",.542,41,.216,14.1,-0.62,-0.2,73.3,.215,Boston Celtics *,103.3,103.1,.503,40,91.7,.263,"744,960",.204,41,-0.40,TD Garden
41,21.8,-0.60,"20,036",.544,41,.227,13.0,-0.24,-0.6,73.1,.236,Dallas Mavericks,106.5,105.9,.506,39,94.1,.242,"821,490",.192,43,0.36,American Airlines Center
44,27.9,-1.50,"15,036",.510,38,.201,12.7,-1.83,-1.6,71.3,.232,Milwaukee Bucks *,105.2,103.6,.476,37,94.7,.236,"616,469",.174,45,-0.33,BMO Harris Bradley Center
48,25.5,-1.48,"18,145",.532,34,.247,13.0,-1.96,-1.6,73.4,.249,Toronto Raptors,107.5,105.9,.488,37,90.4,.274,"743,936",.216,45,-0.48,Air Canada Centre
51,27.4,-2.37,"16,340",.516,31,.187,13.8,-1.83,-2.5,74.0,.220,Minnesota Timberwolves,105.4,102.9,.473,34,92.8,.305,"669,956",.226,48,0.54,Target Center
53,24.6,-2.54,"16,343",.512,29,.206,14.2,-2.78,-2.8,74.6,.223,Washington Wizards,103.0,100.2,.475,33,92.2,.261,"670,070",.191,49,-0.25,Verizon Center
49,25.3,-3.17,"19,830",.536,33,.189,13.9,-2.53,-3.4,73.3,.284,Portland Trail Blazers,109.2,105.8,.498,32,91.4,.250,"813,012",.194,50,0.65,Rose Garden Arena
48,24.9,-3.34,"16,717",.509,34,.200,12.5,-3.51,-3.7,73.4,.209,Philadelphia 76ers,105.7,102.0,.481,31,91.0,.200,"685,412",.146,51,-0.17,Wells Fargo Center
53,28.3,-3.99,"14,685",.521,29,.209,14.3,-4.33,-4.3,73.0,.217,Detroit Pistons,108.1,103.8,.487,29,90.8,.282,"606,094",.197,53,-0.34,The Palace of Auburn Hills
55,29.2,-3.87,"13,803",.528,27,.208,14.0,-3.12,-4.4,74.4,.224,New Orleans Hornets,110.1,105.7,.489,30,88.5,.248,"565,930",.193,52,0.75,New Orleans Arena
58,28.1,-4.68,"16,192",.514,24,.225,13.0,-4.87,-5.1,72.6,.229,Cleveland Cavaliers,109.4,104.3,.473,28,92.3,.265,"663,882",.200,54,-0.19,Quicken Loans Arena
54,26.6,-4.88,"13,750",.532,28,.227,13.4,-4.26,-5.2,71.0,.243,Sacramento Kings,111.4,106.2,.491,28,93.6,.271,"563,743",.208,54,0.62,Sleep Train Arena
57,27.0,-6.46,"15,437",.512,25,.208,14.3,-5.75,-6.9,71.9,.210,Phoenix Suns,108.1,101.2,.477,23,93.4,.234,"632,913",.174,59,0.71,US Airways Center
62,25.4,-6.99,"17,627",.514,20,.195,13.7,-7.12,-7.5,74.6,.223,Orlando Magic,109.1,101.6,.485,22,92.2,.197,"722,716",.149,60,-0.14,Amway Center
61,25.7,-9.23,"15,324",.507,21,.197,13.2,-9.29,-10.0,71.1,.210,Charlotte Bobcats,111.5,101.5,.460,17,91.5,.310,"628,293",.233,65,-0.06,Time Warner Cable Arena
20,22.7,7.72,"18,415",.571,62,.184,13.5,8.00,+8.1,76.4,.257,San Antonio Spurs *,102.4,110.5,.537,61,95.0,.240,"755,031",.188,21,0.28,AT&T Center
25,25.0,6.98,"19,212",.567,57,.222,12.7,7.27,+7.3,72.5,.291,Los Angeles Clippers *,104.8,112.1,.526,59,95.9,.353,"787,692",.258,23,0.30,STAPLES Center
23,26.5,6.34,"18,203",.566,59,.221,14.0,6.66,+6.6,75.6,.271,Oklahoma City Thunder *,103.9,110.5,.520,58,95.4,.303,"746,323",.244,24,0.32,Chesapeake Energy Arena
28,20.6,4.76,"19,781",.590,54,.212,14.6,4.15,+5.1,73.0,.292,Miami Heat *,105.8,110.9,.554,54,91.2,.300,"811,036",.228,28,-0.61,AmericanAirlines Arena
31,25.1,4.80,"19,596",.550,51,.224,13.8,5.15,+4.9,76.3,.291,Golden State Warriors *,102.6,107.5,.517,54,96.2,.247,"803,436",.186,28,0.34,Oracle Arena
26,24.9,4.40,"17,501",.535,56,.197,14.3,3.63,+4.8,76.8,.235,Indiana Pacers *,99.3,104.1,.490,54,92.5,.290,"717,542",.226,28,-0.77,Bankers Life Fieldhouse
28,27.4,4.56,"18,124",.571,54,.193,14.6,5.06,+4.7,74.1,.330,Houston Rockets *,106.3,111.0,.531,53,96.3,.386,"743,082",.275,29,0.50,Toyota Center
28,28.0,3.99,"19,747",.548,54,.194,12.4,4.44,+4.1,74.7,.290,Portland Trail Blazers *,107.4,111.5,.504,52,94.9,.270,"809,612",.220,30,0.45,Moda Center
34,27.2,3.24,"18,252",.545,48,.237,13.2,2.55,+3.5,74.9,.285,Toronto Raptors *,105.3,108.8,.498,50,91.8,.306,"748,339",.239,32,-0.69,Air Canada Centre
34,26.4,2.63,"15,872",.558,48,.237,14.0,3.02,+2.8,73.7,.300,Phoenix Suns,106.7,109.5,.519,48,95.8,.293,"650,739",.222,34,0.39,US Airways Center
42,27.4,2.67,"14,565",.535,40,.177,12.2,3.10,+2.7,74.4,.245,Minnesota Timberwolves,106.2,108.9,.486,48,97.3,.321,"597,157",.249,34,0.43,Target Center
33,24.6,2.40,"19,951",.564,49,.229,12.7,2.91,+2.5,72.7,.274,Dallas Mavericks *,108.7,111.2,.526,48,93.5,.253,"817,982",.201,34,0.50,American Airlines Center
34,27.2,1.85,"21,716",.518,48,.189,14.2,1.20,+2.0,75.4,.222,Chicago Bulls *,100.5,102.5,.471,47,90.2,.290,"890,370",.226,35,-0.66,United Center
32,28.3,1.57,"16,718",.529,50,.199,13.1,2.18,+1.7,75.7,.171,Memphis Grizzlies *,104.6,106.3,.494,46,89.9,.248,"685,458",.184,36,0.61,FedEx Forum
38,25.2,1.27,"17,026",.538,44,.220,13.6,0.48,+1.4,75.7,.246,Washington Wizards *,104.6,106.0,.506,45,93.2,.248,"698,068",.181,37,-0.79,Verizon Center
39,21.9,-0.22,"15,519",.522,43,.183,11.7,-0.89,-0.2,77.6,.219,Charlotte Bobcats *,103.8,103.6,.481,40,92.4,.297,"636,268",.219,42,-0.67,Time Warner Cable Arena
44,21.0,-0.48,"14,231",.554,38,.196,14.3,-0.88,-0.5,74.4,.316,Atlanta Hawks *,106.4,105.9,.515,40,94.6,.266,"587,927",.208,42,-0.40,Philips Arena
45,25.1,-0.79,"19,812",.541,37,.245,12.5,-1.40,-0.8,74.3,.302,New York Knicks,109.1,108.3,.505,39,90.3,.248,"812,292",.189,43,-0.61,Madison Square Garden (IV)
38,21.7,-1.00,"17,252",.555,44,.236,14.1,-1.58,-1.0,72.3,.301,Brooklyn Nets *,107.7,106.7,.514,38,91.4,.313,"707,331",.236,44,-0.58,Barclays Center
46,27.5,-2.15,"16,900",.536,36,.233,14.0,-1.40,-2.2,74.5,.278,Denver Nuggets,108.2,106.0,.497,35,98.1,.306,"692,898",.222,47,0.75,Pepsi Center
48,26.9,-2.71,"16,391",.537,34,.249,12.9,-1.98,-2.9,73.8,.193,New Orleans Pelicans,110.1,107.2,.495,33,92.2,.286,"672,029",.220,49,0.73,Smoothie King Center
54,27.8,-2.90,"16,291",.532,28,.234,13.9,-2.08,-3.1,76.6,.218,Sacramento Kings,108.8,105.7,.484,33,94.4,.331,"667,949",.251,49,0.82,Sleep Train Arena
49,27.2,-3.29,"17,330",.518,33,.199,13.0,-3.86,-3.5,75.8,.236,Cleveland Cavaliers,107.7,104.2,.479,32,93.1,.268,"710,522",.201,50,-0.57,Quicken Loans Arena
53,31.4,-3.66,"15,025",.514,29,.218,12.9,-4.13,-3.8,73.4,.222,Detroit Pistons,109.7,105.9,.482,31,94.9,.296,"616,005",.199,51,-0.48,The Palace of Auburn Hills
57,27.4,-4.46,"18,107",.517,25,.227,14.2,-4.97,-4.8,74.2,.251,Boston Celtics,107.7,102.9,.477,28,93.3,.248,"742,400",.193,54,-0.51,TD Garden
59,22.4,-5.44,"16,245",.525,23,.211,13.9,-5.88,-5.7,75.5,.235,Orlando Magic,107.4,101.7,.487,26,93.6,.253,"666,046",.193,56,-0.44,Amway Center
55,20.2,-6.29,"18,829",.542,27,.192,13.7,-5.33,-6.4,71.0,.291,Los Angeles Lakers,110.6,104.2,.505,25,98.7,.263,"771,974",.199,57,0.96,STAPLES Center
57,25.5,-7.17,"18,176",.523,25,.227,13.9,-6.27,-7.8,74.5,.237,Utah Jazz,111.3,103.5,.484,22,91.4,.271,"745,203",.202,60,0.91,EnergySolutions Arena
67,27.1,-8.18,"13,465",.519,15,.225,14.1,-8.41,-8.8,71.4,.231,Milwaukee Bucks,111.8,103.0,.479,20,91.8,.274,"552,067",.204,62,-0.23,BMO Harris Bradley Center
63,24.8,-10.45,"13,869",.510,19,.244,14.8,-10.66,-10.5,72.4,.258,Philadelphia 76ers,109.9,99.4,.475,16,99.2,.268,"568,632",.190,66,-0.21,Wells Fargo Center
15,24.1,10.10,"19,596",.571,67,.217,13.1,10.01,+10.2,74.5,.311,Golden State Warriors *,101.4,111.6,.540,65,98.3,.239,"803,436",.184,17,-0.09,Oracle Arena
26,22.8,6.59,"19,168",.565,56,.231,11.6,6.80,+6.9,75.7,.322,Los Angeles Clippers *,105.5,112.4,.533,58,94.7,.303,"785,892",.215,24,0.22,STAPLES Center
27,23.4,6.20,"18,606",.555,55,.190,13.1,6.34,+6.5,77.3,.269,San Antonio Spurs *,102.0,108.5,.517,58,93.8,.256,"762,855",.200,24,0.14,AT&T Center
22,21.4,5.43,"17,412",.563,60,.185,13.5,4.75,+5.8,73.4,.321,Atlanta Hawks *,103.1,108.9,.527,56,93.9,.259,"713,909",.201,26,-0.68,Philips Arena
29,26.8,4.48,"20,562",.557,53,.177,13.4,4.08,+4.8,74.7,.334,Cleveland Cavaliers *,106.3,111.1,.520,53,92.3,.287,"843,042",.216,29,-0.40,Quicken Loans Arena
31,24.2,4.23,"19,472",.544,51,.182,12.6,4.41,+4.5,76.2,.316,Portland Trail Blazers *,103.7,108.2,.508,53,94.2,.225,"798,368",.180,29,0.18,Moda Center
26,26.8,3.44,"18,230",.548,56,.208,15.0,3.82,+3.6,72.9,.392,Houston Rockets *,103.4,107.0,.512,50,96.5,.312,"747,412",.223,32,0.38,Toyota Center
27,24.7,3.24,"17,329",.531,55,.183,12.6,3.62,+3.5,75.3,.184,Memphis Grizzlies *,102.2,105.7,.489,50,92.0,.276,"710,502",.214,32,0.38,FedEx Forum
33,25.6,3.07,"19,752",.553,49,.208,12.0,2.45,+3.3,73.3,.302,Toronto Raptors *,107.7,111.0,.508,49,92.8,.295,"809,824",.232,33,-0.62,Air Canada Centre
32,27.0,3.00,"21,625",.536,50,.182,12.9,2.54,+3.2,74.4,.269,Chicago Bulls *,104.3,107.5,.489,50,92.8,.304,"886,612",.238,32,-0.46,United Center
32,23.6,2.90,"20,188",.550,50,.204,11.9,3.36,+3.1,72.2,.296,Dallas Mavericks *,106.4,109.5,.515,49,95.2,.262,"827,702",.197,33,0.46,American Airlines Center
37,28.9,2.18,"18,203",.532,45,.213,13.1,2.47,+2.3,75.6,.262,Oklahoma City Thunder,105.5,107.8,.492,47,95.7,.284,"746,323",.214,35,0.28,Chesapeake Energy Arena
37,27.1,0.79,"16,677",.537,45,.195,12.5,1.13,+0.9,75.1,.233,New Orleans Pelicans *,107.3,108.2,.501,43,91.4,.263,"683,757",.198,39,0.34,Smoothie King Center
36,24.9,0.72,"18,239",.534,46,.210,14.0,0.17,+0.7,77.3,.203,Washington Wizards *,103.0,103.7,.499,43,93.7,.259,"747,796",.192,39,-0.55,Verizon Center
41,25.4,0.43,"14,813",.536,41,.221,15.5,-0.09,+0.5,73.3,.223,Milwaukee Bucks *,102.2,102.7,.499,42,94.1,.258,"593,910",.195,40,-0.52,BMO Harris Bradley Center
44,24.0,0.28,"16,864",.523,38,.217,13.1,-0.23,+0.3,77.9,.255,Indiana Pacers,103.2,103.5,.484,42,93.2,.266,"691,434",.201,40,-0.51,Bankers Life Fieldhouse
44,29.1,0.22,"18,831",.531,38,.199,14.6,0.71,+0.2,76.3,.274,Utah Jazz,104.9,105.1,.494,42,90.4,.297,"772,059",.214,40,0.49,EnergySolutions Arena
42,24.7,0.16,"17,594",.523,40,.208,12.5,-0.40,+0.2,75.0,.280,Boston Celtics *,104.5,104.7,.489,41,95.8,.233,"721,350",.176,41,-0.56,TD Garden
43,24.5,-0.90,"16,923",.537,39,.221,13.7,-0.38,-0.9,73.5,.291,Phoenix Suns,106.2,105.3,.501,38,96.3,.251,"693,862",.191,44,0.52,US Airways Center
50,27.7,-1.00,"15,266",.515,32,.192,12.3,-1.39,-1.1,75.0,.290,Detroit Pistons,106.4,105.3,.482,38,92.8,.261,"625,917",.184,44,-0.39,The Palace of Auburn Hills
45,23.2,-2.60,"19,713",.540,37,.213,14.5,-2.92,-2.8,73.4,.262,Miami Heat,106.7,103.9,.500,33,90.9,.306,"808,223",.227,49,-0.32,AmericanAirlines Arena
44,23.9,-2.88,"17,037",.529,38,.185,13.0,-3.13,-3.0,73.7,.240,Brooklyn Nets *,107.4,104.4,.491,33,92.7,.267,"698,529",.200,49,-0.25,Barclays Center
49,22.1,-3.17,"17,192",.498,33,.188,11.2,-3.44,-3.4,79.3,.226,Charlotte Hornets,103.5,100.1,.456,32,93.0,.269,"704,886",.202,50,-0.27,Time Warner Cable Arena
52,26.6,-3.55,"14,700",.518,30,.239,12.7,-3.07,-3.7,74.7,.284,Denver Nuggets,108.2,104.5,.479,31,96.1,.278,"602,707",.204,51,0.48,Pepsi Center
53,26.5,-3.71,"16,587",.542,29,.200,14.8,-3.07,-3.9,75.2,.204,Sacramento Kings,109.2,105.3,.490,31,95.4,.363,"680,049",.276,51,0.64,Sleep Train Arena
57,23.1,-5.72,"16,785",.524,25,.210,14.0,-5.87,-6.1,76.0,.235,Orlando Magic,107.7,101.6,.494,25,93.8,.230,"688,194",.168,57,-0.15,Amway Center
61,25.4,-6.84,"18,738",.513,21,.231,12.1,-6.17,-7.2,76.3,.220,Los Angeles Lakers,110.6,103.4,.473,23,94.0,.276,"768,244",.204,59,0.67,STAPLES Center
66,26.6,-8.79,"14,416",.517,16,.187,13.7,-8.00,-9.3,71.6,.179,Minnesota Timberwolves,112.2,102.9,.468,19,94.4,.309,"595,652",.240,63,0.79,Target Center
64,25.5,-8.98,"13,941",.494,18,.225,16.0,-9.04,-9.3,73.0,.319,Philadelphia 76ers,104.8,95.5,.459,18,95.7,.288,"571,572",.195,64,-0.07,Wells Fargo Center
65,24.5,-9.32,"19,812",.508,17,.234,14.0,-9.50,-10.1,73.1,.240,New York Knicks,110.0,99.9,.470,17,91.2,.234,"812,292",.180,65,-0.18,Madison Square Garden (IV)
15,23.0,10.63,"18,450",.564,67,.182,12.4,10.28,+11.3,79.1,.223,San Antonio Spurs *,99.0,110.3,.526,67,93.8,.246,"756,445",.197,15,-0.36,AT&T Center
9,23.5,10.76,"19,596",.593,73,.208,13.5,10.38,+10.7,76.0,.362,Golden State Warriors *,103.8,114.5,.563,65,99.3,.250,"803,436",.191,17,-0.38,Oracle Arena
27,31.1,7.28,"18,203",.565,55,.205,14.0,7.09,+7.5,76.0,.275,Oklahoma City Thunder *,105.6,113.1,.524,59,96.7,.292,"746,323",.228,23,-0.19,Chesapeake Energy Arena
25,25.1,6.00,"20,562",.558,57,.205,12.7,5.45,+6.4,78.5,.352,Cleveland Cavaliers *,104.5,110.9,.524,57,93.3,.259,"843,042",.194,25,-0.55,Quicken Loans Arena
26,24.6,4.50,"19,826",.552,56,.201,12.3,4.08,+4.8,77.7,.287,Toronto Raptors *,105.2,110.0,.504,53,92.9,.328,"812,863",.255,29,-0.42,Air Canada Centre
29,20.1,4.28,"19,193",.556,53,.222,12.1,4.13,+4.5,73.8,.324,Los Angeles Clippers *,103.8,108.3,.524,53,95.8,.318,"786,910",.220,29,-0.15,STAPLES Center
34,19.1,3.61,"16,833",.552,48,.194,13.8,3.49,+3.7,74.6,.336,Atlanta Hawks *,101.4,105.1,.516,51,97.1,.237,"690,150",.185,31,-0.12,Philips Arena
34,25.1,3.21,"18,270",.531,48,.231,12.1,2.84,+3.2,74.6,.293,Boston Celtics *,103.6,106.8,.488,50,98.5,.264,"749,076",.208,32,-0.37,TD Garden
34,20.0,2.72,"17,485",.545,48,.191,11.7,2.36,+2.8,79.8,.348,Charlotte Hornets *,104.3,107.1,.502,49,95.7,.280,"716,894",.222,33,-0.36,Time Warner Cable Arena
42,25.9,1.79,"19,305",.540,40,.210,14.2,1.84,+2.0,77.7,.297,Utah Jazz,103.9,105.9,.501,46,91.0,.286,"791,489",.213,36,0.05,Vivint Smart Home Arena
34,23.8,1.65,"19,740",.545,48,.196,13.3,1.50,+1.7,77.8,.221,Miami Heat *,104.4,106.1,.508,46,93.6,.282,"809,350",.210,36,-0.14,AmericanAirlines Arena
37,23.4,1.71,"16,847",.536,45,.205,13.5,1.62,+1.7,76.0,.270,Indiana Pacers *,102.9,104.6,.497,46,96.6,.268,"690,733",.205,36,-0.09,Bankers Life Fieldhouse
38,25.9,0.83,"19,368",.548,44,.225,13.2,0.98,+0.8,76.2,.332,Portland Trail Blazers *,108.0,108.8,.511,43,96.0,.268,"794,085",.202,39,0.15,Moda Center
38,27.0,0.61,"16,516",.522,44,.196,12.2,0.43,+0.6,79.3,.303,Detroit Pistons *,105.5,106.1,.491,43,95.1,.296,"677,138",.197,39,-0.18,The Palace of Auburn Hills
41,25.7,0.20,"17,982",.553,41,.219,14.2,0.34,+0.2,72.8,.370,Houston Rockets *,108.1,108.3,.516,42,97.6,.352,"737,244",.244,40,0.14,Toyota Center
40,20.6,-0.30,"20,144",.544,42,.198,12.0,-0.02,-0.3,76.2,.339,Dallas Mavericks *,107.0,106.7,.502,40,94.3,.265,"825,901",.211,42,0.29,American Airlines Center
41,20.6,-0.50,"17,693",.544,41,.218,13.1,-0.50,-0.5,77.7,.282,Washington Wizards,105.8,105.3,.511,40,98.5,.263,"725,426",.192,42,0.00,Verizon Center
40,24.5,-1.48,"21,821",.526,42,.182,12.6,-1.46,-1.5,74.9,.244,Chicago Bulls,106.5,105.0,.487,37,95.7,.240,"894,659",.189,45,0.01,United Center
47,23.1,-1.62,"17,515",.533,35,.215,12.8,-1.68,-1.7,76.5,.255,Orlando Magic,106.8,105.1,.500,36,96.0,.232,"719,275",.175,46,-0.06,Amway Center
49,23.9,-2.48,"17,222",.546,33,.202,14.2,-2.32,-2.4,74.9,.260,Sacramento Kings,108.4,106.0,.510,34,100.0,.295,"707,526",.214,48,0.16,Sleep Train Arena
40,25.3,-2.24,"17,119",.524,42,.251,12.3,-2.14,-2.4,75.1,.222,Memphis Grizzlies *,107.8,105.4,.477,35,93.3,.295,"701,894",.231,47,0.11,FedEx Forum
50,23.7,-2.73,"19,812",.527,32,.204,12.6,-2.74,-3.0,75.8,.256,New York Knicks,107.6,104.6,.483,33,93.4,.255,"812,292",.205,49,0.00,Madison Square Garden (IV)
49,25.8,-3.10,"14,095",.531,33,.216,13.2,-2.81,-3.3,77.3,.277,Denver Nuggets,108.9,105.6,.489,33,95.7,.282,"577,898",.216,49,0.29,Pepsi Center
53,24.3,-3.54,"14,175",.549,29,.200,13.9,-3.38,-3.6,74.7,.202,Minnesota Timberwolves,110.1,106.5,.498,31,95.2,.332,"581,178",.263,51,0.15,Target Center
52,21.2,-3.79,"16,794",.537,30,.225,12.3,-3.56,-3.9,78.8,.277,New Orleans Pelicans,109.5,105.6,.498,31,96.8,.259,"688,549",.201,51,0.24,Smoothie King Center
49,24.9,-4.18,"15,166",.537,33,.221,14.2,-3.98,-4.4,73.1,.189,Milwaukee Bucks,108.7,104.3,.499,29,94.2,.276,"621,808",.207,53,0.20,BMO Harris Bradley Center
59,25.4,-6.66,"17,107",.526,23,.237,15.2,-6.32,-6.8,77.1,.302,Phoenix Suns,109.0,102.2,.487,24,98.5,.271,"701,405",.204,58,0.34,Talking Stick Resort Arena
61,24.1,-7.35,"15,125",.527,21,.176,13.6,-7.12,-7.7,75.7,.218,Brooklyn Nets,110.9,103.2,.492,22,95.2,.246,"620,142",.186,60,0.24,Barclays Center
65,23.1,-9.56,"18,997",.509,17,.202,12.5,-8.92,-10.0,74.7,.290,Los Angeles Lakers,111.6,101.6,.460,17,95.6,.292,"778,877",.228,65,0.64,STAPLES Center
72,20.6,-10.23,"14,991",.519,10,.240,14.8,-9.92,-10.4,74.0,.327,Philadelphia 76ers,109.2,98.8,.487,16,97.9,.269,"614,650",.186,66,0.31,Wells Fargo Center
15,22.8,11.63,"19,596",.597,67,.198,13.2,11.35,+11.6,74.9,.359,Golden State Warriors *,104.0,115.6,.563,67,99.8,.259,"803,436",.204,15,-0.28,Oracle Arena
21,24.0,7.20,"18,423",.564,61,.192,12.6,7.13,+7.6,77.6,.281,San Antonio Spurs *,103.5,111.1,.524,60,94.2,.263,"755,347",.210,22,-0.06,AT&T Center
27,24.6,5.77,"16,973",.583,55,.194,13.3,5.84,+5.7,75.8,.462,Houston Rockets *,109.0,114.7,.545,55,100.0,.304,"695,903",.233,27,0.08,Toyota Center
31,25.0,4.21,"19,830",.561,51,.223,11.8,3.65,+4.5,76.3,.289,Toronto Raptors *,107.8,112.3,.517,52,94.7,.293,"813,050",.233,30,-0.56,Air Canada Centre
31,21.5,4.29,"19,088",.574,51,.211,12.0,4.42,+4.5,76.9,.329,Los Angeles Clippers *,108.2,112.7,.537,52,96.1,.312,"782,609",.233,30,0.13,STAPLES Center
31,23.2,3.94,"19,662",.563,51,.195,13.2,4.00,+4.3,78.9,.327,Utah Jazz *,105.3,109.6,.526,52,91.6,.288,"806,142",.215,30,0.06,Vivint Smart Home Arena
31,21.9,3.18,"20,562",.580,51,.174,12.6,2.87,+3.3,75.8,.399,Cleveland Cavaliers *,110.3,113.6,.547,49,96.2,.275,"843,042",.206,33,-0.31,Quicken Loans Arena
29,21.2,2.63,"18,553",.567,53,.223,12.2,2.25,+2.8,75.3,.393,Boston Celtics *,108.4,111.2,.525,48,96.8,.273,"760,690",.220,34,-0.39,TD Garden
33,24.1,1.80,"17,003",.564,49,.213,12.8,1.36,+1.9,75.5,.284,Washington Wizards *,109.3,111.2,.528,46,97.4,.254,"697,107",.199,36,-0.45,Verizon Center
41,24.2,1.06,"19,644",.541,41,.220,12.4,0.77,+1.1,76.4,.314,Miami Heat,106.7,107.8,.512,44,95.2,.251,"805,400",.177,38,-0.29,AmericanAirlines Arena
35,27.9,0.76,"18,203",.540,47,.218,13.2,1.14,+0.8,79.0,.295,Oklahoma City Thunder *,107.5,108.3,.500,43,97.8,.295,"746,323",.220,39,0.39,Chesapeake Energy Arena
39,24.8,0.49,"16,520",.535,43,.256,12.1,0.96,+0.6,77.5,.316,Memphis Grizzlies *,107.1,107.7,.491,42,92.3,.280,"677,314",.219,40,0.47,FedEx Forum
42,27.3,0.51,"14,672",.568,40,.194,13.2,0.70,+0.5,78.7,.329,Denver Nuggets,112.7,113.2,.530,42,98.3,.276,"605,585",.214,40,0.19,Pepsi Center
41,27.0,0.43,"21,680",.530,41,.169,12.3,0.03,+0.4,76.8,.256,Chicago Bulls *,107.0,107.4,.487,42,95.3,.259,"888,882",.206,40,-0.39,United Center
46,19.9,0.20,"17,333",.547,36,.164,10.7,-0.07,+0.2,79.6,.335,Charlotte Hornets,108.6,108.8,.501,42,95.7,.279,"710,643",.227,40,-0.26,Spectrum Center
40,21.2,-0.22,"16,697",.558,42,.225,12.8,-0.64,-0.2,75.5,.272,Indiana Pacers *,108.8,108.6,.516,40,95.9,.261,"684,578",.212,42,-0.42,Bankers Life Fieldhouse
40,21.5,-0.18,"15,828",.565,42,.215,13.2,-0.45,-0.2,75.4,.290,Milwaukee Bucks *,109.3,109.1,.527,40,94.5,.274,"648,952",.210,42,-0.26,BMO Harris Bradley Center
41,23.0,-0.52,"19,318",.559,41,.241,12.5,-0.23,-0.5,76.8,.322,Portland Trail Blazers *,110.8,110.3,.520,40,96.7,.275,"792,029",.214,42,0.30,Moda Center
39,23.6,-0.85,"15,959",.541,43,.179,14.2,-1.23,-0.8,76.1,.309,Atlanta Hawks *,105.7,104.9,.504,39,97.4,.295,"654,306",.215,43,-0.38,Philips Arena
45,24.1,-1.12,"15,979",.521,37,.197,10.9,-1.29,-1.1,81.2,.263,Detroit Pistons,107.1,106.0,.492,38,95.0,.218,"655,141",.157,44,-0.17,The Palace of Auburn Hills
51,27.2,-1.11,"14,810",.555,31,.212,12.9,-0.64,-1.2,75.9,.249,Minnesota Timberwolves,112.0,110.8,.511,38,94.6,.287,"607,203",.229,44,0.47,Target Center
48,18.5,-2.10,"16,173",.539,34,.177,11.7,-1.69,-2.2,76.8,.308,New Orleans Pelicans,107.4,105.2,.504,35,98.0,.256,"663,099",.192,47,0.41,Smoothie King Center
49,18.1,-2.93,"19,789",.541,33,.218,11.6,-2.53,-3.2,77.6,.366,Dallas Mavericks,108.8,105.6,.505,33,92.2,.225,"811,366",.180,49,0.40,American Airlines Center
51,26.6,-3.67,"19,774",.534,31,.214,12.4,-3.87,-3.8,74.1,.279,New York Knicks,111.5,107.7,.496,31,96.0,.239,"810,741",.188,51,-0.20,Madison Square Garden (IV)
50,21.0,-3.88,"17,608",.556,32,.227,13.7,-3.29,-4.0,76.3,.291,Sacramento Kings,111.3,107.3,.516,31,94.9,.284,"721,928",.220,51,0.58,Golden 1 Center
58,26.0,-5.63,"17,134",.538,24,.264,13.4,-5.14,-5.6,76.4,.255,Phoenix Suns,112.2,106.6,.493,27,100.3,.297,"708,639",.231,55,0.49,Talking Stick Resort Arena
54,22.4,-5.70,"17,331",.539,28,.234,14.9,-5.83,-5.7,75.3,.349,Philadelphia 76ers,108.9,103.2,.501,26,98.5,.258,"710,557",.199,56,-0.14,Wells Fargo Center
62,19.6,-6.73,"15,429",.551,20,.212,14.7,-6.74,-6.6,76.1,.371,Brooklyn Nets,110.7,104.1,.507,24,101.3,.289,"632,608",.228,58,-0.01,Barclays Center
53,21.6,-6.57,"17,753",.524,29,.201,12.1,-6.61,-6.8,77.4,.300,Orlando Magic,110.5,103.7,.489,24,96.8,.246,"727,875",.184,58,-0.04,Amway Center
56,25.0,-6.88,"18,949",.537,26,.213,13.5,-6.29,-7.0,75.8,.295,Los Angeles Lakers,113.0,106.0,.501,24,98.5,.259,"776,917",.195,58,0.58,STAPLES Center
17,21.3,8.48,"17,871",.590,65,.171,12.7,8.21,+8.6,79.9,.502,Houston Rockets *,106.1,114.7,.551,61,97.6,.298,"732,722",.233,21,-0.27,Toyota Center
23,23.0,7.78,"19,840",.575,59,.212,12.1,7.29,+7.9,77.7,.377,Toronto Raptors *,105.9,113.8,.539,60,97.4,.250,"813,431",.198,22,-0.49,Air Canada Centre
24,21.0,5.98,"19,596",.603,58,.186,14.1,5.79,+6.0,76.3,.339,Golden State Warriors *,107.6,113.6,.569,56,99.6,.239,"803,436",.195,26,-0.19,Oracle Arena
34,21.5,4.30,"17,922",.564,48,.190,13.7,4.47,+4.5,79.8,.357,Utah Jazz *,103.9,108.4,.527,53,95.7,.260,"734,806",.202,29,0.17,Vivint Smart Home Arena
30,25.3,4.50,"20,361",.568,52,.218,14.6,4.30,+4.5,78.6,.344,Philadelphia 76ers *,105.0,109.5,.535,53,99.8,.263,"833,503",.198,29,-0.20,Wells Fargo Center
27,21.5,3.59,"18,624",.552,55,.191,13.0,3.23,+3.7,78.4,.357,Boston Celtics *,103.9,107.6,.518,51,96.0,.243,"763,584",.188,31,-0.35,TD Garden
34,27.7,3.41,"18,203",.546,48,.193,12.4,3.42,+3.5,77.4,.345,Oklahoma City Thunder *,107.2,110.7,.514,50,96.7,.275,"746,322",.197,32,0.00,Chesapeake Energy Arena
35,23.7,2.89,"18,404",.543,47,.170,12.2,2.89,+3.1,78.6,.282,San Antonio Spurs *,104.8,107.9,.507,49,95.0,.245,"754,562",.189,33,0.00,AT&T Center
33,23.3,2.60,"19,409",.549,49,.193,12.3,2.60,+2.7,79.1,.324,Portland Trail Blazers *,106.4,109.1,.511,48,96.5,.240,"795,750",.192,34,0.00,Moda Center
35,24.4,2.23,"17,056",.566,47,.189,11.4,2.35,+2.3,76.4,.261,Minnesota Timberwolves *,111.1,113.4,.523,47,96.0,.280,"699,308",.225,35,0.12,Target Center
36,25.7,1.48,"17,141",.570,46,.173,13.4,1.57,+1.5,77.5,.357,Denver Nuggets,111.0,112.5,.536,45,96.8,.258,"702,796",.198,37,0.09,Pepsi Center
34,22.7,1.38,"16,052",.557,48,.174,12.3,1.18,+1.4,76.2,.284,Indiana Pacers *,108.1,109.5,.525,45,96.0,.222,"658,119",.173,37,-0.20,Bankers Life Fieldhouse
34,20.0,1.30,"16,437",.573,48,.175,13.3,1.48,+1.3,76.7,.319,New Orleans Pelicans *,108.3,109.6,.541,44,100.5,.237,"673,920",.183,38,0.18,Smoothie King Center
32,20.1,0.94,"20,562",.584,50,.166,12.6,0.59,+1.0,77.3,.379,Cleveland Cavaliers *,111.9,112.9,.547,43,98.0,.275,"843,042",.214,39,-0.35,Quicken Loans Arena
39,23.5,0.59,"18,032",.560,43,.212,13.3,0.53,+0.6,77.1,.310,Washington Wizards *,108.7,109.3,.525,43,96.6,.254,"739,302",.196,39,-0.06,Capital One Arena
38,21.5,0.48,"19,630",.551,44,.215,13.3,0.15,+0.5,79.0,.358,Miami Heat *,106.3,106.8,.520,42,95.6,.229,"804,850",.173,40,-0.33,AmericanAirlines Arena
46,22.2,0.26,"16,376",.549,36,.165,11.4,0.07,+0.3,80.7,.314,Charlotte Hornets,109.1,109.4,.508,42,98.4,.312,"671,404",.233,40,-0.19,Spectrum Center
40,23.5,0.04,"17,020",.564,42,.203,13.2,0.15,+0.1,76.1,.314,Los Angeles Clippers,110.2,110.3,.527,41,98.7,.299,"697,812",.222,41,0.11,STAPLES Center
43,22.7,-0.15,"17,413",.543,39,.172,12.3,-0.26,-0.1,78.5,.333,Detroit Pistons,107.3,107.2,.512,41,96.2,.227,"713,945",.169,41,-0.11,Little Caesars Arena
38,20.4,-0.30,"16,856",.571,44,.220,12.9,-0.45,-0.3,75.9,.297,Milwaukee Bucks *,110.1,109.8,.531,40,96.2,.281,"685,303",.220,42,-0.15,BMO Harris Bradley Center
47,23.6,-1.55,"18,935",.548,35,.190,13.8,-1.44,-1.5,77.7,.329,Los Angeles Lakers,108.0,106.5,.517,37,100.3,.264,"776,327",.188,45,0.11,STAPLES Center
58,18.0,-3.04,"19,792",.544,24,.193,11.6,-2.70,-3.2,78.9,.382,Dallas Mavericks,109.5,106.3,.513,33,95.6,.217,"811,453",.166,49,0.34,American Airlines Center
53,24.1,-3.56,"19,332",.544,29,.208,13.3,-3.53,-3.6,76.7,.266,New York Knicks,110.7,107.1,.510,32,96.8,.216,"792,608",.170,50,0.03,Madison Square Garden (IV)
54,21.0,-3.74,"15,376",.551,28,.201,13.6,-3.67,-3.7,77.0,.411,Brooklyn Nets,110.6,106.9,.514,31,98.9,.260,"640,010",.201,51,0.07,Barclays Center
57,20.0,-4.82,"17,915",.545,25,.187,13.3,-4.92,-4.9,75.6,.342,Orlando Magic,110.1,105.2,.512,28,98.1,.238,"734,531",.180,54,-0.10,Amway Center
58,21.1,-5.45,"14,409",.547,24,.183,14.1,-5.30,-5.6,76.2,.363,Atlanta Hawks,110.6,105.0,.512,27,98.3,.236,"590,769",.185,55,0.15,Philips Arena
60,22.4,-6.21,"15,948",.539,22,.256,14.0,-5.81,-6.5,76.5,.317,Memphis Grizzlies,111.0,104.5,.500,25,94.9,.255,"653,863",.201,57,0.39,FedEx Forum
55,20.6,-7.04,"20,776",.529,27,.184,12.6,-6.84,-7.1,80.6,.350,Chicago Bulls,110.9,103.8,.497,23,98.3,.216,"851,824",.164,59,0.20,United Center
55,21.5,-6.99,"17,431",.529,27,.199,12.8,-6.60,-7.4,77.6,.278,Sacramento Kings,111.1,103.7,.502,23,94.9,.194,"714,680",.143,59,0.39,Golden 1 Center
61,22.5,-9.37,"16,843",.532,21,.212,13.9,-8.80,-9.3,76.5,.320,Phoenix Suns,112.8,103.5,.495,19,100.3,.275,"690,576",.203,63,0.57,Talking Stick Resort Arena
22,20.8,8.87,"17,602",.583,60,.162,12.0,8.04,+8.6,80.3,.419,Milwaukee Bucks *,105.2,113.8,.550,61,103.3,.255,"721,692",.197,21,-0.82,Fiserv Forum
25,22.5,6.46,"19,596",.596,57,.205,12.6,6.42,+6.4,77.1,.384,Golden State Warriors *,109.5,115.9,.565,56,100.9,.227,"803,436",.182,26,-0.04,Oracle Arena
24,21.9,6.09,"19,825",.579,58,.190,12.4,5.49,+6.0,77.1,.379,Toronto Raptors *,107.1,113.1,.543,56,100.2,.247,"812,822",.198,26,-0.60,Scotiabank Arena
32,22.9,5.26,"18,306",.572,50,.189,13.4,5.28,+5.2,80.3,.394,Utah Jazz *,105.7,110.9,.538,54,100.3,.295,"750,546",.217,28,0.03,Vivint Smart Home Arena
29,22.8,4.77,"18,058",.581,53,.210,12.0,4.96,+4.8,74.4,.519,Houston Rockets *,110.7,115.5,.542,53,97.9,.279,"740,392",.221,29,0.19,Toyota Center
33,21.6,4.44,"18,624",.567,49,.198,11.5,3.90,+4.4,77.0,.381,Boston Celtics *,107.8,112.2,.534,52,99.6,.215,"763,584",.173,30,-0.54,TD Garden
29,26.6,4.20,"19,496",.568,53,.195,12.1,4.43,+4.2,77.9,.339,Portland Trail Blazers *,110.5,114.7,.528,51,99.1,.258,"799,345",.210,31,0.24,Moda Center
28,26.6,3.95,"18,450",.558,54,.194,11.9,4.19,+4.1,78.0,.348,Denver Nuggets *,108.9,113.0,.527,51,97.7,.232,"756,457",.175,31,0.24,Pepsi Center
34,21.9,3.33,"16,812",.561,48,.184,12.4,2.76,+3.4,76.2,.292,Indiana Pacers *,106.5,109.9,.530,50,98.1,.242,"689,310",.182,32,-0.57,Bankers Life Fieldhouse
33,26.0,3.40,"18,203",.545,49,.206,11.7,3.56,+3.3,78.2,.347,Oklahoma City Thunder *,107.0,110.3,.514,50,102.8,.266,"746,323",.190,32,0.15,Chesapeake Energy Arena
31,24.5,2.70,"20,447",.574,51,.206,12.9,2.25,+2.6,78.6,.342,Philadelphia 76ers *,110.0,112.6,.532,48,101.6,.312,"838,342",.241,34,-0.44,Wells Fargo Center
34,21.0,1.68,"18,308",.572,48,.170,11.0,1.80,+1.7,79.4,.286,San Antonio Spurs *,111.2,112.9,.534,45,98.3,.237,"750,616",.194,37,0.12,AT&T Center
34,22.0,0.85,"17,325",.575,48,.224,12.7,1.09,+0.9,76.0,.295,Los Angeles Clippers *,111.5,112.4,.529,43,101.7,.326,"710,327",.258,39,0.23,STAPLES Center
40,22.0,0.71,"17,431",.550,42,.186,11.9,0.28,+0.8,79.7,.360,Orlando Magic *,108.1,108.9,.518,43,98.1,.216,"720,024",.168,39,-0.43,Amway Center
40,23.8,-0.07,"14,941",.556,42,.190,13.0,-0.40,-0.1,76.4,.403,Brooklyn Nets *,109.7,109.6,.520,41,100.8,.284,"612,597",.211,41,-0.33,Barclays Center
41,24.8,-0.24,"16,487",.544,41,.211,12.3,-0.56,-0.2,78.7,.394,Detroit Pistons *,109.2,109.0,.509,40,97.4,.262,"675,963",.195,42,-0.31,Little Caesars Arena
43,24.8,-0.23,"19,641",.542,39,.201,13.1,-0.45,-0.3,77.6,.368,Miami Heat,107.6,107.3,.515,40,98.2,.247,"805,264",.172,42,-0.22,AmericanAirlines Arena
43,23.1,-1.12,"17,097",.554,39,.207,11.5,-0.81,-1.1,75.5,.321,Sacramento Kings,111.5,110.4,.524,38,103.1,.244,"700,975",.177,44,0.31,Golden 1 Center
43,21.7,-1.10,"16,502",.554,39,.179,10.9,-1.32,-1.1,77.1,.378,Charlotte Hornets,112.5,111.4,.514,38,98.7,.257,"676,570",.205,44,-0.22,Spectrum Center
49,24.1,-1.33,"16,004",.563,33,.193,12.6,-1.10,-1.2,76.8,.324,New Orleans Pelicans,112.6,111.4,.529,38,103.3,.254,"656,183",.193,44,0.23,Smoothie King Center
49,22.7,-1.28,"20,014",.555,33,.191,12.7,-0.87,-1.3,77.5,.422,Dallas Mavericks,110.7,109.4,.519,38,99.0,.291,"820,569",.216,44,0.42,American Airlines Center
46,24.6,-1.50,"15,306",.552,36,.190,11.4,-1.02,-1.5,74.9,.315,Minnesota Timberwolves,112.9,111.4,.511,37,100.2,.267,"627,543",.210,45,0.48,Target Center
45,22.2,-1.72,"18,997",.554,37,.192,13.4,-1.33,-1.7,76.4,.342,Los Angeles Lakers,109.5,107.8,.527,37,103.2,.257,"778,877",.180,45,0.39,STAPLES Center
49,20.0,-2.60,"15,569",.548,33,.232,12.9,-2.08,-2.7,77.6,.342,Memphis Grizzlies,108.8,106.1,.508,34,96.6,.272,"638,332",.210,48,0.51,FedEx Forum
50,21.3,-2.90,"17,448",.567,32,.199,12.3,-3.30,-2.8,74.1,.370,Washington Wizards,113.9,111.1,.531,34,101.4,.266,"716,996",.204,48,-0.40,Capital One Arena
53,24.7,-6.02,"15,328",.555,29,.237,14.3,-6.06,-5.8,76.4,.403,Atlanta Hawks,113.9,108.1,.522,27,103.9,.255,"628,440",.192,55,-0.04,State Farm Arena
60,19.4,-8.41,"20,085",.541,22,.188,12.7,-8.32,-8.4,77.3,.295,Chicago Bulls,113.2,104.8,.505,21,99.0,.235,"823,475",.184,61,0.10,United Center
65,22.1,-9.21,"19,002",.529,17,.203,12.4,-8.93,-9.2,76.1,.334,New York Knicks,113.7,104.5,.490,19,99.6,.270,"779,087",.205,63,0.28,Madison Square Garden (IV)
63,20.5,-9.34,"15,293",.552,19,.236,13.8,-8.61,-9.2,72.5,.335,Phoenix Suns,115.1,105.9,.514,19,100.5,.259,"627,023",.202,63,0.73,Talking Stick Resort Arena
63,23.7,-9.61,"19,350",.540,19,.181,12.2,-9.39,-9.9,77.0,.332,Cleveland Cavaliers,117.6,107.7,.503,19,96.6,.236,"793,337",.187,63,0.22,Quicken Loans Arena
17,20.7,10.08,"17,711",.583,56,.178,12.9,9.41,+9.5,81.6,.428,Milwaukee Bucks *,102.9,112.4,.552,57,105.1,.271,"549,036",.201,16,-0.67,Fiserv Forum
24,23.9,6.31,"19,090",.570,48,.215,12.2,5.83,+6.3,77.4,.386,Boston Celtics *,107.0,113.3,.531,50,99.5,.259,"610,864",.207,22,-0.47,TD Garden
23,23.5,6.44,"19,068",.577,49,.206,12.6,6.66,+6.3,77.6,.375,Los Angeles Clippers *,107.6,113.9,.535,50,101.5,.295,"610,176",.233,22,0.21,STAPLES Center
19,21.3,6.24,"19,796",.574,53,.202,13.1,5.97,+6.1,76.7,.421,Toronto Raptors *,105.0,111.1,.536,50,100.9,.264,"633,456",.210,22,-0.26,Scotiabank Arena
19,24.5,5.79,"18,997",.573,52,.205,13.3,6.28,+5.7,78.8,.358,Los Angeles Lakers *,106.3,112.0,.542,48,100.9,.276,"588,907",.201,23,0.49,STAPLES Center
32,23.2,4.95,"20,062",.581,43,.175,11.2,4.87,+5.0,77.7,.457,Dallas Mavericks *,111.7,116.7,.545,49,99.3,.264,"682,096",.206,26,-0.07,American Airlines Center
29,20.3,2.95,"19,680",.587,44,.213,13.5,2.59,+3.0,79.5,.419,Miami Heat *,109.5,112.5,.547,43,98.3,.299,"629,771",.234,30,-0.35,AmericanAirlines Arena
28,21.0,2.96,"18,077",.578,44,.197,12.6,3.13,+2.8,75.6,.501,Houston Rockets *,110.1,112.9,.537,42,103.7,.288,"578,458",.228,30,0.17,Toyota Center
28,21.6,2.47,"18,306",.585,44,.185,13.7,2.52,+2.4,78.9,.414,Utah Jazz *,109.9,112.3,.549,42,98.6,.268,"567,486",.208,30,0.05,Vivint Smart Home Arena
30,23.9,2.38,"20,629",.566,43,.214,12.7,2.25,+2.3,80.3,.360,Philadelphia 76ers *,109.0,111.3,.534,42,99.0,.255,"639,491",.193,31,-0.13,Wells Fargo Center
27,24.8,2.11,"19,186",.567,46,.198,12.3,2.35,+2.1,76.8,.344,Denver Nuggets *,111.0,113.1,.535,41,97.1,.235,"633,153",.183,32,0.24,Pepsi Center
28,20.0,1.96,"16,531",.565,45,.192,12.0,1.63,+2.0,76.7,.317,Indiana Pacers *,108.0,110.0,.534,41,98.9,.216,"529,002",.170,32,-0.33,Bankers Life Fieldhouse
28,19.3,1.99,"18,203",.573,44,.173,12.4,2.33,+2.0,76.8,.353,Oklahoma City Thunder *,108.8,110.8,.530,41,98.8,.290,"600,699",.231,31,0.34,Chesapeake Energy Arena
39,22.2,0.22,"15,606",.576,34,.221,13.0,0.56,+0.3,78.8,.361,Phoenix Suns,111.4,111.7,.532,37,101.3,.271,"550,633",.226,36,0.35,Talking Stick Resort Arena
37,23.2,-0.57,"16,403",.554,35,.187,13.1,-1.01,-0.6,77.8,.423,Brooklyn Nets *,109.5,108.9,.520,35,101.4,.267,"524,907",.199,37,-0.44,Barclays Center
40,22.3,-1.01,"17,093",.544,33,.176,11.5,-0.93,-1.0,79.1,.364,Orlando Magic *,109.5,108.5,.506,34,98.6,.256,"529,870",.198,39,0.09,Amway Center
39,20.1,-1.11,"18,351",.572,32,.193,11.2,-0.65,-1.1,79.2,.318,San Antonio Spurs,113.5,112.4,.531,33,100.5,.262,"550,515",.212,38,0.46,AT&T Center
39,23.0,-1.07,"15,857",.561,34,.217,13.2,-0.91,-1.1,77.8,.346,Memphis Grizzlies,110.3,109.2,.528,34,102.8,.240,"523,297",.183,39,0.16,FedEx Forum
39,22.4,-1.15,"19,634",.570,35,.208,11.2,-0.61,-1.1,75.3,.374,Portland Trail Blazers *,114.8,113.7,.533,34,100.7,.242,"628,303",.194,40,0.54,Moda Center
42,24.2,-1.29,"16,505",.568,30,.212,13.9,-0.55,-1.2,77.8,.403,New Orleans Pelicans,111.9,110.7,.539,33,103.7,.256,"528,172",.186,39,0.74,Smoothie King Center
41,21.9,-2.04,"16,796",.566,31,.225,13.0,-1.59,-2.0,78.4,.395,Sacramento Kings,112.2,110.2,.534,31,98.9,.230,"520,663",.177,41,0.46,Golden 1 Center
43,22.8,-3.08,"18,804",.547,22,.239,13.7,-4.00,-3.1,75.6,.396,Chicago Bulls,109.8,106.7,.515,26,99.7,.231,"639,352",.175,39,-0.93,United Center
46,22.6,-3.56,"15,294",.561,20,.186,13.8,-4.38,-3.7,75.9,.381,Detroit Pistons,112.7,109.0,.529,26,97.6,.261,"509,469",.194,40,-0.82,Little Caesars Arena
45,22.1,-4.30,"15,066",.551,19,.218,13.0,-4.02,-4.1,77.2,.433,Minnesota Timberwolves,112.2,108.1,.514,24,103.4,.277,"482,112",.209,40,0.28,Target Center
47,22.2,-4.67,"16,647",.562,25,.231,12.2,-5.24,-4.6,75.3,.358,Washington Wizards,115.5,110.9,.523,26,102.7,.270,"532,702",.213,46,-0.57,Capital One Arena
45,25.8,-6.45,"18,812",.531,21,.224,12.6,-6.72,-6.5,78.3,.318,New York Knicks,113.0,106.5,.501,20,98.6,.263,"620,789",.182,46,-0.26,Madison Square Garden (IV)
42,23.9,-6.75,"15,428",.539,23,.159,13.3,-7.03,-7.0,74.4,.399,Charlotte Hornets,113.3,106.3,.504,19,95.8,.252,"478,591",.188,46,-0.28,Spectrum Center
47,21.6,-7.97,"16,043",.554,20,.233,13.8,-7.71,-7.6,74.9,.398,Atlanta Hawks,114.8,107.2,.515,18,103.0,.258,"545,453",.204,49,0.27,State Farm Arena
46,24.6,-7.89,"17,861",.553,19,.164,14.6,-7.77,-7.9,77.4,.362,Cleveland Cavaliers,115.4,107.5,.522,18,98.7,.227,"643,008",.172,47,0.12,Rocket Mortgage Fieldhouse
50,21.5,-8.71,"18,064",.540,15,.193,13.2,-8.12,-8.6,76.4,.355,Golden State Warriors,113.8,105.2,.497,16,100.3,.264,"614,176",.212,49,0.59,Chase Center
20,24.5,9.25,"4,203",.597,52,.159,12.7,8.97,+9.3,79.3,.488,Utah Jazz *,108.3,117.6,.563,55,98.5,.244,"151,300",.195,17,-0.29,Vivint Smart Home Arena
25,22.7,6.18,386,.599,47,.186,12.2,6.02,+6.4,79.1,.400,Los Angeles Clippers *,111.2,117.6,.564,49,96.9,.222,"13,901",.186,23,-0.16,STAPLES Center
21,20.8,5.82,"2,890",.597,51,.194,11.5,5.67,+5.9,78.5,.392,Phoenix Suns *,111.3,117.2,.564,49,97.2,.212,"104,027",.177,23,-0.15,Phoenix Suns Arena
26,23.3,5.89,"1,799",.593,46,.157,12.0,5.57,+5.8,79.7,.404,Milwaukee Bucks *,111.4,117.2,.566,48,102.2,.233,"64,780",.177,24,-0.32,Fiserv Forum
23,23.2,5.58,"1,905",.579,49,.200,12.8,5.28,+5.6,78.2,.347,Philadelphia 76ers *,107.6,113.2,.541,48,99.5,.293,"68,583",.225,24,-0.31,Wells Fargo Center
25,24.7,4.93,"1,516",.588,47,.200,12.1,4.82,+5.0,78.9,.383,Denver Nuggets *,112.1,117.1,.557,47,97.1,.219,"54,563",.176,25,-0.11,Ball Arena
24,21.4,4.50,847,.610,48,.187,12.2,4.24,+4.5,77.3,.413,Brooklyn Nets *,113.8,118.3,.575,46,99.5,.258,"30,491",.208,26,-0.27,Barclays Center
30,22.5,2.79,648,.569,42,.184,13.6,2.77,+2.8,79.7,.363,Los Angeles Lakers *,107.1,109.9,.536,42,98.7,.271,"23,313",.200,30,-0.03,STAPLES Center
30,21.1,2.26,"2,635",.582,42,.197,11.1,2.26,+2.4,77.8,.436,Dallas Mavericks *,113.0,115.4,.550,41,97.3,.242,"94,849",.189,31,-0.01,American Airlines Center
31,21.9,2.31,"1,170",.559,41,.196,11.9,2.13,+2.4,78.6,.347,New York Knicks *,108.2,110.6,.524,41,95.9,.242,"42,131",.190,31,-0.18,Madison Square Garden (IV)
31,24.4,2.32,"1,647",.581,41,.190,11.9,2.14,+2.4,77.8,.382,Atlanta Hawks *,113.3,115.7,.539,41,97.6,.278,"59,288",.226,31,-0.18,State Farm Arena
30,23.0,1.79,162,.577,42,.203,9.9,1.81,+1.8,77.5,.448,Portland Trail Blazers *,116.0,117.8,.540,40,98.4,.238,"5,817",.195,32,0.01,Moda Center
36,24.3,1.46,835,.574,36,.215,12.5,1.32,+1.5,78.1,.409,Boston Celtics *,112.5,114.0,.543,39,98.3,.234,"30,067",.181,33,-0.14,TD Garden
33,17.9,1.06,929,.583,39,.223,13.3,1.10,+1.0,76.6,.439,Golden State Warriors,110.1,111.1,.551,38,102.2,.239,"33,457",.188,34,0.04,Chase Center
34,24.2,1.03,"1,707",.560,38,.196,11.6,1.07,+1.0,78.3,.342,Memphis Grizzlies *,111.0,112.0,.528,38,100.4,.232,"61,449",.179,34,0.04,FedEx Forum
